Location,CoverageFactValueNumericLow,CoverageFactValueNumericHigh,CoverageValue,PrevalenceFactValueNumeric,ScreeningValue,age_name,Disability_Adjusted_Life_Yrs_Value,Mortality_val,Yrs_Lived_With_Disability_Value,Yrs_Lost_With_Disability_Value,Prevalence_of_cancer_value,Incidence_of_cancer_value
Albania,0.14285714285714285,0.4444444444444445,10 to 50,0.6666666666666667,HPV test,30-34 years,0.020387781564195958,0.17873648064953757,0.10036513310679436,0.01899660141521369,0.11734811997987746,0.0742565822798045
Albania,0.14285714285714285,0.4444444444444445,10 to 50,0.6666666666666667,HPV test,35-39 years,0.03391866264742762,0.2532200619422986,0.1388318499168063,0.03208733675406079,0.1571281678776423,0.10243092250051042
Albania,0.14285714285714285,0.4444444444444445,10 to 50,0.6666666666666667,HPV test,40-44 years,0.052563020877873685,0.2619768411919069,0.17041806628468298,0.05049289719304965,0.18537717005565235,0.1277442264046225
Albania,0.14285714285714285,0.4444444444444445,10 to 50,0.6666666666666667,HPV test,45-49 years,0.06426933981287307,0.22159089683277705,0.1645179885062425,0.06249103829487247,0.16786044937420985,0.12834455253619678
Armenia,0.14285714285714285,0.4444444444444445,10 to 50,0.38383838383838387,PAP smear,30-34 years,0.02047143660046866,0.2545167703356388,0.07888411654324304,0.0194503922507569,0.09060289245548434,0.059237121896552086
Armenia,0.14285714285714285,0.4444444444444445,10 to 50,0.38383838383838387,PAP smear,35-39 years,0.03795096815903779,0.331727226296862,0.1213404696474613,0.03648555471331796,0.1349802461298919,0.09214491023503366
Armenia,0.14285714285714285,0.4444444444444445,10 to 50,0.38383838383838387,PAP smear,40-44 years,0.060668378759595264,0.38697745805929384,0.15684370356557642,0.058963215623484236,0.16582500785183357,0.12211784686576804
Armenia,0.14285714285714285,0.4444444444444445,10 to 50,0.38383838383838387,PAP smear,45-49 years,0.11285357396736093,0.37387718318365504,0.23742679201232006,0.11061437489326173,0.23534668312565216,0.19340040994013724
Australia,0.7142857142857143,0.6666666666666666,more than 50 but less than 70,0.9494949494949496,HPV test,30-34 years,0.013951623308107342,0.1602848992165012,0.1265119625792868,0.012006813461126729,0.15216713356526446,0.09163682424117435
Australia,0.7142857142857143,0.6666666666666666,more than 50 but less than 70,0.9494949494949496,HPV test,35-39 years,0.025141675881619325,0.18795015472006382,0.1661757992146605,0.0226980693048418,0.19398648906954957,0.11928089429286048
Australia,0.7142857142857143,0.6666666666666666,more than 50 but less than 70,0.9494949494949496,HPV test,40-44 years,0.039962154734729124,0.20069809236929959,0.20519019574932687,0.03708998973697387,0.2339569308224217,0.14722275955517994
Australia,0.7142857142857143,0.6666666666666666,more than 50 but less than 70,0.9494949494949496,HPV test,45-49 years,0.036806828552751365,0.12224008188140036,0.15265845041859286,0.034785143217920964,0.1658495883026213,0.10897627756055378
Bahrain,0.0,0.0,Less than 10,0.36363636363636365,PAP smear,30-34 years,0.0023071201932722074,0.004863934840931131,0.003686511795501668,0.002281383050288335,0.003605483499624078,0.002699730259225718
Bahrain,0.0,0.0,Less than 10,0.36363636363636365,PAP smear,35-39 years,0.010234434199221265,0.04054707712378787,0.026373629559242284,0.009948242687926816,0.028132795169775827,0.019756103275076528
Bahrain,0.0,0.0,Less than 10,0.36363636363636365,PAP smear,40-44 years,0.023630508851269223,0.06516308202360234,0.04575857243618045,0.02322956282838037,0.04770596617592947,0.03615910297477139
Bahrain,0.0,0.0,Less than 10,0.36363636363636365,PAP smear,45-49 years,0.028480441487487292,0.046497313227972584,0.040354334810411854,0.02825121028367814,0.0360190094205958,0.034442528436550685
Bangladesh,0.0,0.0,Less than 10,0.060606060606060615,Visual inspection,30-34 years,0.03410895462293616,0.15694203598921325,0.06473584448133554,0.03355276521793918,0.0725769926257079,0.05273882320754708
Bangladesh,0.0,0.0,Less than 10,0.060606060606060615,Visual inspection,35-39 years,0.07260984423465264,0.2602777321902681,0.13024096053345474,0.07155574244603843,0.13673677136410853,0.10556613348063809
Bangladesh,0.0,0.0,Less than 10,0.060606060606060615,Visual inspection,40-44 years,0.1342364108312973,0.365273641177712,0.1958997471849746,0.13305815371382204,0.19423093683589812,0.17145702331778534
Bangladesh,0.0,0.0,Less than 10,0.060606060606060615,Visual inspection,45-49 years,0.1649707970311968,0.3470325701009467,0.2022030855117869,0.16418456277071264,0.1746835770890259,0.18780519478251959
Belarus,0.7142857142857143,0.6666666666666666,more than 50 but less than 70,0.8989898989898991,Visual inspection,30-34 years,0.034003282820530306,0.1874721194956625,0.12749412517403236,0.03236797400536982,0.14815838348384647,0.0935325370766956
Belarus,0.7142857142857143,0.6666666666666666,more than 50 but less than 70,0.8989898989898991,Visual inspection,35-39 years,0.07706452655798532,0.29517545962203245,0.2436857337797617,0.07413537231259157,0.281790763050131,0.18335189416087402
Belarus,0.7142857142857143,0.6666666666666666,more than 50 but less than 70,0.8989898989898991,Visual inspection,40-44 years,0.10994699337700324,0.2841823659801644,0.29238121190211347,0.10671705946982063,0.3258112092528313,0.22109045747602213
Belarus,0.7142857142857143,0.6666666666666666,more than 50 but less than 70,0.8989898989898991,Visual inspection,45-49 years,0.14111702338519416,0.2645136616658418,0.3134687660028724,0.13803239565708034,0.3304233692144482,0.2424288365291685
Belgium,0.7142857142857143,0.6666666666666666,more than 50 but less than 70,0.8585858585858587,PAP smear,30-34 years,0.010589099141929965,0.13002676044215367,0.07848930378401062,0.009413987082223602,0.0949114854869473,0.05716213858690254
Belgium,0.7142857142857143,0.6666666666666666,more than 50 but less than 70,0.8585858585858587,PAP smear,35-39 years,0.020035224859277063,0.16152120567190592,0.11093384610409014,0.018456868646531763,0.1289031820011001,0.0793312399230485
Belgium,0.7142857142857143,0.6666666666666666,more than 50 but less than 70,0.8585858585858587,PAP smear,40-44 years,0.033039861457079024,0.1676052699240429,0.136294648965622,0.031237789396249816,0.1548419274160508,0.0987390296221057
Belgium,0.7142857142857143,0.6666666666666666,more than 50 but less than 70,0.8585858585858587,PAP smear,45-49 years,0.04617976474828787,0.14667641807238657,0.1495059907346097,0.04436475368515218,0.15925312216677628,0.10851231419180088
Belize,0.0,0.0,Less than 10,0.6161616161616162,Visual inspection,30-34 years,0.15282062765875973,0.43785545884265253,0.40848170936863315,0.14829535892201137,0.4801420421959598,0.3223465628721073
Belize,0.0,0.0,Less than 10,0.6161616161616162,Visual inspection,35-39 years,0.3487197244972944,0.7377985739565911,0.801813527541967,0.3406304202570529,0.9130508870017886,0.6461769691022966
Belize,0.0,0.0,Less than 10,0.6161616161616162,Visual inspection,40-44 years,0.36862943168115697,0.7953254680894041,0.6804385821298488,0.3629478772729946,0.735655015389376,0.5742816002870498
Belize,0.0,0.0,Less than 10,0.6161616161616162,Visual inspection,45-49 years,0.49343302583078347,0.7428840805888307,0.7837570749577342,0.48800906892306267,0.7858030426276644,0.6924986640440969
Bhutan,0.7142857142857143,0.6666666666666666,more than 50 but less than 70,0.6161616161616162,PAP smear,30-34 years,0.040038781810723956,0.15689727977082302,0.07524741776394389,0.039398649818410084,0.08370943771039782,0.06080443855604807
Bhutan,0.7142857142857143,0.6666666666666666,more than 50 but less than 70,0.6161616161616162,PAP smear,35-39 years,0.08266278337937846,0.2796809501763366,0.14220059921774053,0.08156698748432248,0.14990191337299427,0.11675951850358895
Bhutan,0.7142857142857143,0.6666666666666666,more than 50 but less than 70,0.6161616161616162,PAP smear,40-44 years,0.14702277733266456,0.3972589707656864,0.2082826242814056,0.14584004964635872,0.2033471615607235,0.18178737015827293
Bhutan,0.7142857142857143,0.6666666666666666,more than 50 but less than 70,0.6161616161616162,PAP smear,45-49 years,0.19734048641195764,0.38808944165963866,0.22438689215787758,0.19670026421501738,0.20458698648596305,0.219858464388271
Brazil,1.0,1.0,70 or more,0.5757575757575758,PAP smear,30-34 years,0.08032656707479473,0.41293861782008157,0.23174933001415524,0.07765542362100196,0.26825595111767014,0.18032214569404315
Brazil,1.0,1.0,70 or more,0.5757575757575758,PAP smear,35-39 years,0.12188453211965321,0.48110157704527745,0.29657187143698,0.11877695152661433,0.3335306145114324,0.2366716327207328
Brazil,1.0,1.0,70 or more,0.5757575757575758,PAP smear,40-44 years,0.1627980226415564,0.4829555855694986,0.31567419553005255,0.16002841482563493,0.3382392503587275,0.2641751938244453
Brazil,1.0,1.0,70 or more,0.5757575757575758,PAP smear,45-49 years,0.17592612358070459,0.3736069559228374,0.2831145060734934,0.17392915644162038,0.27877454347226527,0.24980472201706042
Bulgaria,0.14285714285714285,0.4444444444444445,10 to 50,0.7070707070707072,PAP smear,30-34 years,0.062490911400564,0.42747797293821654,0.24111490402504307,0.05936869052846601,0.2868162722022214,0.18529953046718362
Bulgaria,0.14285714285714285,0.4444444444444445,10 to 50,0.7070707070707072,PAP smear,35-39 years,0.12052326977539739,0.4754002425997308,0.4117541006658899,0.11541614830630872,0.4692877612865246,0.3105881434274984
Bulgaria,0.14285714285714285,0.4444444444444445,10 to 50,0.7070707070707072,PAP smear,40-44 years,0.17637786585986096,0.4712034805199721,0.5069123036803725,0.17054621437215078,0.5610565009466785,0.3909988664398363
Bulgaria,0.14285714285714285,0.4444444444444445,10 to 50,0.7070707070707072,PAP smear,45-49 years,0.2143572088505562,0.3962927728398667,0.522059159020433,0.20888367904521432,0.5482984673498525,0.4142838363977144
Burkina Faso,0.14285714285714285,0.4444444444444445,10 to 50,0.060606060606060615,Visual inspection,30-34 years,0.11511741534721151,0.16511970727463826,0.1660477433791432,0.11414045878792324,0.17850900005544837,0.13798155801803078
Burkina Faso,0.14285714285714285,0.4444444444444445,10 to 50,0.060606060606060615,Visual inspection,35-39 years,0.1847716669708197,0.2604424210416749,0.23780449707976878,0.18369652773411974,0.23954574202357698,0.20619905311773232
Burkina Faso,0.14285714285714285,0.4444444444444445,10 to 50,0.060606060606060615,Visual inspection,40-44 years,0.30310848482964114,0.3756215369162828,0.3086384427468564,0.3027433661335965,0.29325648933064513,0.3054138499286525
Burkina Faso,0.14285714285714285,0.4444444444444445,10 to 50,0.060606060606060615,Visual inspection,45-49 years,0.3606110265440008,0.35023928436030694,0.31411759905805353,0.36108776023640904,0.26110259342343745,0.33480312898383957
Cambodia,0.14285714285714285,0.4444444444444445,10 to 50,0.16161616161616163,Visual inspection,30-34 years,0.04968850148853983,0.1133148426594608,0.08334860236089668,0.04906635236858839,0.0918787144446531,0.06620528828861999
Cambodia,0.14285714285714285,0.4444444444444445,10 to 50,0.16161616161616163,Visual inspection,35-39 years,0.10019196421815108,0.20342488682923904,0.16288973294101866,0.09902629491805141,0.17185917322073166,0.13077033970087276
Cambodia,0.14285714285714285,0.4444444444444445,10 to 50,0.16161616161616163,Visual inspection,40-44 years,0.17755329033543296,0.2796706773319525,0.25278919164304936,0.17610341532289123,0.2572183586914628,0.21407746521029952
Cambodia,0.14285714285714285,0.4444444444444445,10 to 50,0.16161616161616163,Visual inspection,45-49 years,0.22735081327468723,0.26210952278684757,0.28143116079061864,0.22621973683617388,0.26319410438525503,0.254955802669091
Canada,1.0,1.0,70 or more,0.9090909090909092,PAP smear,30-34 years,0.02138888224124799,0.13901520356408104,0.24852355989143218,0.01747049406723408,0.3059222144868719,0.18203765387654824
Canada,1.0,1.0,70 or more,0.9090909090909092,PAP smear,35-39 years,0.03529026009620232,0.20875125985605197,0.3187474876707785,0.03039256615827522,0.379737674431828,0.22836828948064203
Canada,1.0,1.0,70 or more,0.9090909090909092,PAP smear,40-44 years,0.04570406116685414,0.22983275227244693,0.294076661203497,0.04139939812420462,0.34573197300211167,0.212375076494038
Canada,1.0,1.0,70 or more,0.9090909090909092,PAP smear,45-49 years,0.046471616685102475,0.15644121809919642,0.22463397510337332,0.0433716000985449,0.25023421771909304,0.1599356693243343
China,0.14285714285714285,0.4444444444444445,10 to 50,0.30303030303030304,PAP smear,30-34 years,0.02175628181170049,0.2056747512519967,0.09489456870758217,0.020481291098520267,0.1113744127453567,0.06959783736652188
China,0.14285714285714285,0.4444444444444445,10 to 50,0.30303030303030304,PAP smear,35-39 years,0.04634222431529111,0.3079448759564733,0.1727199271899424,0.04413133342067899,0.19674676974026423,0.12661577689898326
China,0.14285714285714285,0.4444444444444445,10 to 50,0.30303030303030304,PAP smear,40-44 years,0.08003021894385255,0.3643741072792454,0.24421224013208107,0.0771402957514961,0.27084141131489603,0.18345848390486286
China,0.14285714285714285,0.4444444444444445,10 to 50,0.30303030303030304,PAP smear,45-49 years,0.09911433735799667,0.36010609373626234,0.2507693806835416,0.09642245928742749,0.2604644272603632,0.19389165349229692
Colombia,0.7142857142857143,0.6666666666666666,more than 50 but less than 70,0.8080808080808082,PAP smear,30-34 years,0.08554581581303414,0.44769681071263756,0.40697881959376125,0.07995137816731837,0.47749895835751144,0.3092792759350319
Colombia,0.7142857142857143,0.6666666666666666,more than 50 but less than 70,0.8080808080808082,PAP smear,35-39 years,0.12255469477364754,0.5692204561274958,0.49585463351182996,0.11603684544294006,0.5633610868852998,0.37944825678311866
Colombia,0.7142857142857143,0.6666666666666666,more than 50 but less than 70,0.8080808080808082,PAP smear,40-44 years,0.16889565483478397,0.6369961939717781,0.5474337225714053,0.1622465730097364,0.6149620834451238,0.4427986373854951
Colombia,0.7142857142857143,0.6666666666666666,more than 50 but less than 70,0.8080808080808082,PAP smear,45-49 years,0.19204421006109212,0.5703330721960934,0.5162809031026693,0.18630671018301714,0.5399497672934083,0.43301219926033985
Cook Islands,0.0,0.0,Less than 10,0.5656565656565657,PAP smear,30-34 years,0.011611144686690975,0.04006066053653046,0.05211736930729963,0.010905406314299652,0.06001071712778558,0.0389719031755847
Cook Islands,0.0,0.0,Less than 10,0.5656565656565657,PAP smear,35-39 years,0.029927815354544227,0.09378502875014676,0.10083287359468245,0.028683879573412997,0.11257523997372615,0.07541504977120224
Cook Islands,0.0,0.0,Less than 10,0.5656565656565657,PAP smear,40-44 years,0.061888729517020756,0.14855290118168046,0.17102038047817342,0.05996005154139665,0.18585378978675274,0.1308901856034702
Cook Islands,0.0,0.0,Less than 10,0.5656565656565657,PAP smear,45-49 years,0.06581185602029437,0.09357700101950288,0.1532849501564205,0.06425150320336166,0.15489635084191866,0.12062353447678759
Cote d'Ivoire,0.14285714285714285,0.4444444444444445,10 to 50,0.0,Visual inspection,30-34 years,0.03835209643670303,0.0,0.052987179298643064,0.03806666330652117,0.05438445835318928,0.0440903768867878
Cote d'Ivoire,0.14285714285714285,0.4444444444444445,10 to 50,0.0,Visual inspection,35-39 years,0.08486133888734385,0.056780442871253514,0.11199801069936934,0.08431982819273928,0.11184871303060248,0.09810593977610733
Cote d'Ivoire,0.14285714285714285,0.4444444444444445,10 to 50,0.0,Visual inspection,40-44 years,0.15141683611314966,0.11442297758885177,0.16683036069106516,0.15101725600298666,0.14876883640819735,0.15850023027363855
Cote d'Ivoire,0.14285714285714285,0.4444444444444445,10 to 50,0.0,Visual inspection,45-49 years,0.2067045713886543,0.13499718421140489,0.1973020187643248,0.20668173785597097,0.15303637034601356,0.1993700478784558
Croatia,0.14285714285714285,0.4444444444444445,10 to 50,0.9494949494949496,PAP smear,30-34 years,0.01242035670508642,0.2125643673606879,0.09609142877373063,0.01097286676911604,0.11561145070327267,0.06959778495066483
Croatia,0.14285714285714285,0.4444444444444445,10 to 50,0.9494949494949496,PAP smear,35-39 years,0.033593807416750436,0.298370302694629,0.20092204698403407,0.030691263958486825,0.23365758797123704,0.14343845710520903
Croatia,0.14285714285714285,0.4444444444444445,10 to 50,0.9494949494949496,PAP smear,40-44 years,0.05631570245026552,0.3312999925275217,0.26758688854963775,0.05263851702760719,0.3123289739149085,0.1958578190768517
Croatia,0.14285714285714285,0.4444444444444445,10 to 50,0.9494949494949496,PAP smear,45-49 years,0.0690849897768552,0.2627354710900388,0.2654357539542527,0.06565256768600486,0.3001752308903676,0.19641094639085052
Cuba,1.0,1.0,70 or more,0.9090909090909092,PAP smear,30-34 years,0.05853942484261027,0.398764661773369,0.25077291803050006,0.05518708584198121,0.3014207806826227,0.1896106554501776
Cuba,1.0,1.0,70 or more,0.9090909090909092,PAP smear,35-39 years,0.10239772464577952,0.528943010402024,0.3713542922916726,0.09768915208556057,0.4291464819957086,0.2776538871426899
Cuba,1.0,1.0,70 or more,0.9090909090909092,PAP smear,40-44 years,0.1493178584225768,0.5794988286999385,0.4328042134268195,0.1443180230498586,0.4847258066490656,0.33180411530996257
Cuba,1.0,1.0,70 or more,0.9090909090909092,PAP smear,45-49 years,0.1598839674523922,0.4509617467974859,0.39472442211548087,0.15570983965012505,0.4190569257436156,0.30837452480239724
Cyprus,1.0,1.0,70 or more,0.8181818181818183,PAP smear,30-34 years,0.009996864224578943,0.1717774088399353,0.0766661294057024,0.008843412157038391,0.091145201512762,0.05467917293140159
Cyprus,1.0,1.0,70 or more,0.8181818181818183,PAP smear,35-39 years,0.02096216594232618,0.23721894944347088,0.11737451610498346,0.019288326825476942,0.13707510973062723,0.08405360263196736
Cyprus,1.0,1.0,70 or more,0.8181818181818183,PAP smear,40-44 years,0.026842848011093972,0.21950828606053624,0.11257056560896424,0.025347194867660256,0.1271826634142569,0.08063365448720808
Cyprus,1.0,1.0,70 or more,0.8181818181818183,PAP smear,45-49 years,0.025350424174846117,0.1539300681714308,0.07936385315860359,0.024400554725672728,0.08490043178497397,0.057912174357655416
Denmark,0.7142857142857143,0.6666666666666666,more than 50 but less than 70,0.9595959595959597,PAP smear,30-34 years,0.015522549884577928,0.24538198755949253,0.11646616190330393,0.013775769307464818,0.13920416334579805,0.08374150037139592
Denmark,0.7142857142857143,0.6666666666666666,more than 50 but less than 70,0.9595959595959597,PAP smear,35-39 years,0.02827146301904405,0.28300796135070727,0.1607938948673782,0.02597119064374488,0.1886794250493521,0.11570709141961105
Denmark,0.7142857142857143,0.6666666666666666,more than 50 but less than 70,0.9595959595959597,PAP smear,40-44 years,0.038876915001161555,0.29133402084424564,0.15975918459594884,0.036767021061562336,0.18006425086369743,0.11456593484591845
Denmark,0.7142857142857143,0.6666666666666666,more than 50 but less than 70,0.9595959595959597,PAP smear,45-49 years,0.04300901601076375,0.1882690985440394,0.13198573995202129,0.0414431755977695,0.1395733685535344,0.09600972722729958
Djibouti,0.14285714285714285,0.4444444444444445,10 to 50,0.060606060606060615,PAP smear,30-34 years,0.0953504094295993,0.08073801035746815,0.14797285327755325,0.0943620233828576,0.16015834619020403,0.12320965271996898
Djibouti,0.14285714285714285,0.4444444444444445,10 to 50,0.060606060606060615,PAP smear,35-39 years,0.206212602454725,0.1822186630200484,0.28585127146959793,0.20466159695419073,0.2961944707462009,0.25005567100743864
Djibouti,0.14285714285714285,0.4444444444444445,10 to 50,0.060606060606060615,PAP smear,40-44 years,0.3968407658926671,0.34034954777768905,0.45158706885272826,0.39554717753200674,0.4257140114988375,0.43033103619768187
Djibouti,0.14285714285714285,0.4444444444444445,10 to 50,0.060606060606060615,PAP smear,45-49 years,0.5564945176978079,0.42965479176362953,0.5331185046770346,0.5563997786744471,0.4544637558748656,0.5552641098752065
Dominica,0.7142857142857143,0.6666666666666666,more than 50 but less than 70,0.8484848484848486,PAP smear,30-34 years,0.10362309300476603,0.46621302584319757,0.2568621290311814,0.10090000282901058,0.29547405275801786,0.20149972313331388
Dominica,0.7142857142857143,0.6666666666666666,more than 50 but less than 70,0.8484848484848486,PAP smear,35-39 years,0.19271500332578076,0.669392504453157,0.41606060372462267,0.1887089480541614,0.46033405525067633,0.3308809078656151
Dominica,0.7142857142857143,0.6666666666666666,more than 50 but less than 70,0.8484848484848486,PAP smear,40-44 years,0.26076732361336663,0.6837074747588058,0.44477412826595464,0.25737595489070486,0.47157308175454415,0.379690582926575
Dominica,0.7142857142857143,0.6666666666666666,more than 50 but less than 70,0.8484848484848486,PAP smear,45-49 years,0.31522278676437787,0.6024451312100669,0.44997943664028556,0.3126283772297565,0.452871399042892,0.41622809864439037
Dominican Republic,1.0,1.0,70 or more,0.9191919191919193,PAP smear,30-34 years,0.10666594307864473,0.2954480677549242,0.2616140091949213,0.10391080089699059,0.3031704203612059,0.2059391737686103
Dominican Republic,1.0,1.0,70 or more,0.9191919191919193,PAP smear,35-39 years,0.19880758030180526,0.48019835262812893,0.4313015974390179,0.19463903929324616,0.47644563605063806,0.341237138541841
Dominican Republic,1.0,1.0,70 or more,0.9191919191919193,PAP smear,40-44 years,0.23246955204691597,0.49074089849045155,0.3943993300000404,0.22948241345706422,0.41882188010510274,0.33567249424129
Dominican Republic,1.0,1.0,70 or more,0.9191919191919193,PAP smear,45-49 years,0.24941433414934822,0.41848743854725134,0.3577378131079941,0.24733237472136188,0.35540390798264215,0.3243285516708013
Ecuador,0.0,0.0,Less than 10,0.6969696969696971,PAP smear,30-34 years,0.0724684909743104,0.329175248758879,0.21446053683171276,0.06996625335619744,0.24672980777075953,0.16401927057957383
Ecuador,0.0,0.0,Less than 10,0.6969696969696971,PAP smear,35-39 years,0.1459416953722525,0.5812142494029402,0.3683229945628288,0.14199388726506576,0.41190234098338857,0.28758030739824714
Ecuador,0.0,0.0,Less than 10,0.6969696969696971,PAP smear,40-44 years,0.21786332509508016,0.7196511672145137,0.43961976991901197,0.21386213497404905,0.48540441013764113,0.3611904465973568
Ecuador,0.0,0.0,Less than 10,0.6969696969696971,PAP smear,45-49 years,0.2632448577063576,0.6559205638492711,0.45548973852755803,0.2597098538308249,0.4740458435971644,0.3805834928742323
El Salvador,0.14285714285714285,0.4444444444444445,10 to 50,0.9494949494949496,PAP smear,30-34 years,0.09807272698307941,0.41232410844366923,0.392625019529533,0.09292859635602559,0.4643795579561954,0.30698226506921866
El Salvador,0.14285714285714285,0.4444444444444445,10 to 50,0.9494949494949496,PAP smear,35-39 years,0.18381494162489254,0.6348086529118806,0.6252206931655795,0.17607328345480422,0.7170785979640306,0.4983203985241531
El Salvador,0.14285714285714285,0.4444444444444445,10 to 50,0.9494949494949496,PAP smear,40-44 years,0.2833352789003692,0.7644146505428561,0.7906897322866713,0.27437273987821226,0.8727863378038594,0.6544438506088454
El Salvador,0.14285714285714285,0.4444444444444445,10 to 50,0.9494949494949496,PAP smear,45-49 years,0.35124749579015174,0.6851563720666901,0.8178107864027412,0.3429247016363471,0.8286267782529377,0.702483397727453
Estonia,0.7142857142857143,0.6666666666666666,more than 50 but less than 70,0.8484848484848486,PAP smear,30-34 years,0.03073856847354414,0.20844309680225803,0.18916928242430867,0.027991317908718682,0.2230868552635557,0.1361315687210962
Estonia,0.7142857142857143,0.6666666666666666,more than 50 but less than 70,0.8484848484848486,PAP smear,35-39 years,0.03885721137057456,0.2587031056600835,0.19414519320644683,0.03615667673609229,0.2261333800925196,0.14044526767342017
Estonia,0.7142857142857143,0.6666666666666666,more than 50 but less than 70,0.8484848484848486,PAP smear,40-44 years,0.07550921630616196,0.30700604557941547,0.2816759048700779,0.07190255345163801,0.32487148993688625,0.2099459536510523
Estonia,0.7142857142857143,0.6666666666666666,more than 50 but less than 70,0.8484848484848486,PAP smear,45-49 years,0.09769679143756987,0.30578850216464964,0.30588116913981084,0.09403571255301056,0.3315250544423685,0.22726051743720688
Ethiopia,0.0,0.0,Less than 10,0.030303030303030304,Visual inspection,30-34 years,0.07451225874908249,0.12467506567326188,0.1074177112503548,0.07388093772992343,0.11473100231009695,0.08993781221494618
Ethiopia,0.0,0.0,Less than 10,0.030303030303030304,Visual inspection,35-39 years,0.1452788621077544,0.2406463492925187,0.19207911840390973,0.1443459231677409,0.19378098539357927,0.16679949460691854
Ethiopia,0.0,0.0,Less than 10,0.030303030303030304,Visual inspection,40-44 years,0.23629320515613816,0.3398478740056145,0.25475255758085863,0.23576567925259628,0.23279919303580626,0.24476841916059175
Ethiopia,0.0,0.0,Less than 10,0.030303030303030304,Visual inspection,45-49 years,0.3573628389599696,0.42782861664735683,0.32299484553172586,0.3576343052542827,0.26881749732278065,0.34377452088946137
Fiji,0.14285714285714285,0.4444444444444445,10 to 50,0.30303030303030304,PAP smear,30-34 years,0.1421394032011559,0.370183680946387,0.3252151324819458,0.1388697606709611,0.36244379796422754,0.2598659917807128
Fiji,0.14285714285714285,0.4444444444444445,10 to 50,0.30303030303030304,PAP smear,35-39 years,0.2641107677848427,0.5296023205887209,0.47608940101482805,0.26023621390016805,0.5247792542081174,0.40139020557762595
Fiji,0.14285714285714285,0.4444444444444445,10 to 50,0.30303030303030304,PAP smear,40-44 years,0.44365921724444995,0.6538779878303511,0.6600862563780291,0.4395482505217789,0.688288722303537,0.5914263666669568
Fiji,0.14285714285714285,0.4444444444444445,10 to 50,0.30303030303030304,PAP smear,45-49 years,0.48069852186165635,0.47561915210901806,0.6324993131864542,0.4776640069312699,0.5964522127992349,0.5914613610238948
Finland,1.0,1.0,70 or more,0.9595959595959597,PAP smear,30-34 years,0.005670806826481933,0.06826049245238304,0.055135688544581646,0.00481656624958247,0.06518700617890018,0.03871056082380556
Finland,1.0,1.0,70 or more,0.9595959595959597,PAP smear,35-39 years,0.013489638382108812,0.10571291235602474,0.08612082524990042,0.012230721964270882,0.09843092603101558,0.059989074555761954
Finland,1.0,1.0,70 or more,0.9595959595959597,PAP smear,40-44 years,0.021479345606921673,0.12228098619136855,0.10650742704991618,0.020000484324308544,0.12050549375758243,0.07543196776948065
Finland,1.0,1.0,70 or more,0.9595959595959597,PAP smear,45-49 years,0.028107977569249796,0.10055181398328429,0.11419639419034118,0.02660500443896713,0.12245182548735936,0.08046829175219049
France,0.7142857142857143,0.6666666666666666,more than 50 but less than 70,0.9393939393939396,PAP smear,30-34 years,0.011454836046670736,0.16373227455363232,0.08667507063936936,0.010153286060630519,0.1062489501625781,0.0638604460100494
France,0.7142857142857143,0.6666666666666666,more than 50 but less than 70,0.9393939393939396,PAP smear,35-39 years,0.023344628056797313,0.20079495845534073,0.13257889922783037,0.021448545616312136,0.15566400103713302,0.09544552245369547
France,0.7142857142857143,0.6666666666666666,more than 50 but less than 70,0.9393939393939396,PAP smear,40-44 years,0.03547756920099882,0.20799740226589913,0.15187459951231394,0.03344770546435615,0.17423581791577344,0.1104095946682806
France,0.7142857142857143,0.6666666666666666,more than 50 but less than 70,0.9393939393939396,PAP smear,45-49 years,0.052654238351722754,0.18729446972623698,0.1789865784727683,0.050438499846032776,0.19118034225200253,0.12876956323697758
Georgia,0.14285714285714285,0.4444444444444445,10 to 50,0.22222222222222224,PAP smear,30-34 years,0.03401754076282902,0.21394568841968548,0.1098129767879016,0.032686004197425046,0.1250159078647661,0.08361888046052121
Georgia,0.14285714285714285,0.4444444444444445,10 to 50,0.22222222222222224,PAP smear,30-34 years,0.03401754076282902,0.21394568841968548,0.1098129767879016,0.032686004197425046,0.1250159078647661,0.1043118129470612
Georgia,0.14285714285714285,0.4444444444444445,10 to 50,0.22222222222222224,PAP smear,30-34 years,0.03401754076282902,0.21394568841968548,0.1098129767879016,0.032686004197425046,0.16592757054056595,0.08361888046052121
Georgia,0.14285714285714285,0.4444444444444445,10 to 50,0.22222222222222224,PAP smear,30-34 years,0.03401754076282902,0.21394568841968548,0.1098129767879016,0.032686004197425046,0.16592757054056595,0.1043118129470612
Georgia,0.14285714285714285,0.4444444444444445,10 to 50,0.22222222222222224,PAP smear,35-39 years,0.07823893101947711,0.4151112545906813,0.21858693630166123,0.0757597737535503,0.24103487685670993,0.16793208586464917
Georgia,0.14285714285714285,0.4444444444444445,10 to 50,0.22222222222222224,PAP smear,35-39 years,0.07823893101947711,0.4151112545906813,0.21858693630166123,0.0757597737535503,0.24103487685670993,0.17443531441493396
Georgia,0.14285714285714285,0.4444444444444445,10 to 50,0.22222222222222224,PAP smear,35-39 years,0.07823893101947711,0.4151112545906813,0.21858693630166123,0.0757597737535503,0.27176995146591665,0.16793208586464917
Georgia,0.14285714285714285,0.4444444444444445,10 to 50,0.22222222222222224,PAP smear,35-39 years,0.07823893101947711,0.4151112545906813,0.21858693630166123,0.0757597737535503,0.27176995146591665,0.17443531441493396
Georgia,0.14285714285714285,0.4444444444444445,10 to 50,0.22222222222222224,PAP smear,40-44 years,0.1365184206359768,0.5097703316213861,0.30908351155514424,0.13343422934327082,0.32692438972344023,0.24836732158121413
Georgia,0.14285714285714285,0.4444444444444445,10 to 50,0.22222222222222224,PAP smear,40-44 years,0.1365184206359768,0.5097703316213861,0.30908351155514424,0.13343422934327082,0.32692438972344023,0.17072737095900126
Georgia,0.14285714285714285,0.4444444444444445,10 to 50,0.22222222222222224,PAP smear,40-44 years,0.1365184206359768,0.5097703316213861,0.30908351155514424,0.13343422934327082,0.25461385428376654,0.24836732158121413
Georgia,0.14285714285714285,0.4444444444444445,10 to 50,0.22222222222222224,PAP smear,40-44 years,0.1365184206359768,0.5097703316213861,0.30908351155514424,0.13343422934327082,0.25461385428376654,0.17072737095900126
Georgia,0.14285714285714285,0.4444444444444445,10 to 50,0.22222222222222224,PAP smear,45-49 years,0.1781673056422171,0.4584106123146994,0.31610858724173163,0.17564039198812667,0.3205280458166049,0.27706572989031286
Georgia,0.14285714285714285,0.4444444444444445,10 to 50,0.22222222222222224,PAP smear,45-49 years,0.1781673056422171,0.4584106123146994,0.31610858724173163,0.17564039198812667,0.3205280458166049,0.1371530643464278
Georgia,0.14285714285714285,0.4444444444444445,10 to 50,0.22222222222222224,PAP smear,45-49 years,0.1781673056422171,0.4584106123146994,0.31610858724173163,0.17564039198812667,0.18824493415685897,0.27706572989031286
Georgia,0.14285714285714285,0.4444444444444445,10 to 50,0.22222222222222224,PAP smear,45-49 years,0.1781673056422171,0.4584106123146994,0.31610858724173163,0.17564039198812667,0.18824493415685897,0.1371530643464278
Germany,1.0,1.0,70 or more,0.9292929292929294,PAP smear,30-34 years,0.017971623725087184,0.25675332944547413,0.12624197271824836,0.016096878731628475,0.15302156662973773,0.09322856833130823
Germany,1.0,1.0,70 or more,0.9292929292929294,PAP smear,35-39 years,0.034590302888745324,0.31279103286333454,0.18386602580685987,0.0319967868105916,0.2134222277644377,0.13236310473740637
Germany,1.0,1.0,70 or more,0.9292929292929294,PAP smear,40-44 years,0.043222101330658284,0.28608589197450995,0.1708539776693363,0.04099246067969683,0.19520618049275892,0.1242914592499828
Germany,1.0,1.0,70 or more,0.9292929292929294,PAP smear,45-49 years,0.053707998632215245,0.1953705902336751,0.1709481646861368,0.05164741025143628,0.18085850305438866,0.1216278743636294
Guatemala,0.14285714285714285,0.4444444444444445,10 to 50,0.686868686868687,PAP smear,30-34 years,0.09606375254038327,0.24458589732576091,0.2704624590296531,0.09298414304287972,0.31113794667816363,0.22025819322817827
Guatemala,0.14285714285714285,0.4444444444444445,10 to 50,0.686868686868687,PAP smear,35-39 years,0.18207175837228418,0.4093182860693717,0.43733012158887713,0.17752732954703576,0.4870569375131739,0.3714482489958286
Guatemala,0.14285714285714285,0.4444444444444445,10 to 50,0.686868686868687,PAP smear,40-44 years,0.2689901748819572,0.5055194786195496,0.523613147508949,0.2643791771567456,0.5453930288709032,0.47350943590276895
Guatemala,0.14285714285714285,0.4444444444444445,10 to 50,0.686868686868687,PAP smear,45-49 years,0.36571099138113583,0.5392277561686711,0.597025248933749,0.3614139302456586,0.5657677564285516,0.5755785453646366
Guinea,0.0,0.0,Less than 10,0.12121212121212123,Visual inspection,30-34 years,0.1952643049409733,0.2324989192068721,0.2666114348695613,0.19386540304490701,0.2857632510525933,0.23025599453869025
Guinea,0.0,0.0,Less than 10,0.12121212121212123,Visual inspection,35-39 years,0.36086255707044446,0.41740338792097076,0.4296873236509568,0.35935934751359283,0.43978984444628,0.4003074341695412
Guinea,0.0,0.0,Less than 10,0.12121212121212123,Visual inspection,40-44 years,0.5653717352046254,0.5785601860921376,0.5415591239708291,0.5652765785252359,0.4923883627353598,0.5611988766017737
Guinea,0.0,0.0,Less than 10,0.12121212121212123,Visual inspection,45-49 years,0.6644239134114086,0.5554961210481407,0.5464848429412835,0.6658563751075584,0.43485326711254213,0.6131062833485638
Guyana,0.14285714285714285,0.4444444444444445,10 to 50,0.21212121212121213,Visual inspection,30-34 years,0.1570029934457458,0.25581296789580354,0.30453606037179354,0.15433027866708063,0.3436502081690205,0.24726024385323334
Guyana,0.14285714285714285,0.4444444444444445,10 to 50,0.21212121212121213,Visual inspection,35-39 years,0.2576682441160368,0.39319572787385304,0.4276092244809275,0.2545211121363154,0.46952193148453836,0.36511920516888763
Guyana,0.14285714285714285,0.4444444444444445,10 to 50,0.21212121212121213,Visual inspection,40-44 years,0.3262485578704013,0.4213633197642336,0.4363015163599144,0.32406841955978166,0.4375512981687489,0.39812253487043114
Guyana,0.14285714285714285,0.4444444444444445,10 to 50,0.21212121212121213,Visual inspection,45-49 years,0.403735281239834,0.37740913169506823,0.4634726344448312,0.40234986368510334,0.43370257818502267,0.4578685483928615
Hungary,0.14285714285714285,0.4444444444444445,10 to 50,0.9292929292929294,PAP smear,30-34 years,0.028951542853705107,0.2699939103165767,0.16726851256495828,0.026551186847516433,0.1953497679407857,0.12216945205358168
Hungary,0.14285714285714285,0.4444444444444445,10 to 50,0.9292929292929294,PAP smear,35-39 years,0.05857446711816187,0.3830780117622061,0.2766045132140804,0.05477923591426574,0.3180055966198657,0.20385135135404198
Hungary,0.14285714285714285,0.4444444444444445,10 to 50,0.9292929292929294,PAP smear,40-44 years,0.07725086311990688,0.3335378106744418,0.28775517840808046,0.0735681818253174,0.32640043997241747,0.21954141288797327
Hungary,0.14285714285714285,0.4444444444444445,10 to 50,0.9292929292929294,PAP smear,45-49 years,0.10698027445709875,0.27293483097543625,0.3190470016643108,0.10324427047328834,0.3394434230148731,0.24762313322930582
Iceland,0.7142857142857143,0.6666666666666666,more than 50 but less than 70,0.9292929292929294,PAP smear,30-34 years,0.008548479220789204,0.11250622105743859,0.0803258662906223,0.007308624793660286,0.09647069753616183,0.057573562339612805
Iceland,0.7142857142857143,0.6666666666666666,more than 50 but less than 70,0.9292929292929294,PAP smear,35-39 years,0.0199909545717388,0.14777834137906887,0.12925248151011068,0.018097393601199153,0.1516804934681619,0.09232151408880508
Iceland,0.7142857142857143,0.6666666666666666,more than 50 but less than 70,0.9292929292929294,PAP smear,40-44 years,0.01617765855815311,0.13163004000429462,0.08101543420179004,0.015050139083324192,0.09141144225371776,0.057194788203214275
Iceland,0.7142857142857143,0.6666666666666666,more than 50 but less than 70,0.9292929292929294,PAP smear,45-49 years,0.023065319030328792,0.09686141177850584,0.0863066873417346,0.02195906630373132,0.09229525289681223,0.061497732140185196
India,1.0,1.0,70 or more,0.010101010101010102,Visual inspection,30-34 years,0.04269912675240857,0.10860678544502107,0.07509376152124944,0.04210493261173593,0.08189222492356667,0.06122438906541705
India,1.0,1.0,70 or more,0.010101010101010102,Visual inspection,35-39 years,0.08078178642777155,0.20250530690425927,0.12862615178430606,0.07988841390415564,0.13353107342522533,0.10823019913419565
India,1.0,1.0,70 or more,0.010101010101010102,Visual inspection,40-44 years,0.15879184078530587,0.31552474545525294,0.21173183958905298,0.1577414530020048,0.20599342437290885,0.1922098114274781
India,1.0,1.0,70 or more,0.010101010101010102,Visual inspection,45-49 years,0.21701222956675575,0.3147447705330591,0.24156340157871656,0.21639730925684095,0.2166519726529045,0.2398221361944826
Indonesia,0.0,0.0,Less than 10,0.11111111111111112,Visual inspection,30-34 years,0.0396295223729852,0.11536230784198022,0.06824173317464148,0.03910299896685264,0.07473711350148583,0.054414945501927006
Indonesia,0.0,0.0,Less than 10,0.11111111111111112,Visual inspection,35-39 years,0.0795263064847469,0.19515572625425365,0.13387108291896357,0.07852245759918108,0.14077558036506668,0.1078686104026372
Indonesia,0.0,0.0,Less than 10,0.11111111111111112,Visual inspection,40-44 years,0.14076978819614236,0.25834903912026747,0.2095189172386282,0.1394640624131836,0.20704169013617818,0.17598461373236968
Indonesia,0.0,0.0,Less than 10,0.11111111111111112,Visual inspection,45-49 years,0.18105508247772348,0.2295155822753176,0.23434077046866034,0.17997891518844172,0.21371935565797232,0.20931005908131062
Ireland,1.0,1.0,70 or more,0.9393939393939396,PAP smear,30-34 years,0.012719036899246205,0.15302929659835063,0.10252167155921278,0.011166017448299714,0.1232788916599091,0.07381119942138552
Ireland,1.0,1.0,70 or more,0.9393939393939396,PAP smear,35-39 years,0.03106632545939565,0.29047658559383466,0.1874812707706012,0.028353388342339313,0.21662623020308308,0.13237892042416347
Ireland,1.0,1.0,70 or more,0.9393939393939396,PAP smear,40-44 years,0.046414206999961405,0.2852734328017771,0.21221434298250588,0.043526469391493794,0.2406442001826401,0.15124014845315037
Ireland,1.0,1.0,70 or more,0.9393939393939396,PAP smear,45-49 years,0.037728055011694496,0.15470099248651753,0.13462602021590941,0.03603093442376446,0.14534508968280654,0.0966238907159767
Israel,0.14285714285714285,0.4444444444444445,10 to 50,0.6666666666666667,PAP smear,30-34 years,0.005788725605788155,0.1354803094877049,0.04319299543369262,0.005141429840303561,0.05180085791418311,0.031132259687924567
Israel,0.14285714285714285,0.4444444444444445,10 to 50,0.6666666666666667,PAP smear,35-39 years,0.017185599479599932,0.19201122557228018,0.08724061695249498,0.015967614825928574,0.1005018811871772,0.062315733420561126
Israel,0.14285714285714285,0.4444444444444445,10 to 50,0.6666666666666667,PAP smear,40-44 years,0.022258764967419093,0.18202931360226476,0.08342135541704039,0.021188918493020664,0.09250985256696054,0.05983408076413471
Israel,0.14285714285714285,0.4444444444444445,10 to 50,0.6666666666666667,PAP smear,45-49 years,0.025345270381146392,0.138284234535051,0.07151722895292682,0.024530023557471047,0.07376911434207611,0.05222421363059861
Italy,1.0,1.0,70 or more,0.9191919191919193,PAP smear,30-34 years,0.007494952086274663,0.18253247794193067,0.06905492860673058,0.006431443606347253,0.08240741231690657,0.04988710209626383
Italy,1.0,1.0,70 or more,0.9191919191919193,PAP smear,35-39 years,0.020690260132635058,0.2575432162819269,0.13033596614006904,0.018789480444353867,0.15157764609280336,0.09405866190734591
Italy,1.0,1.0,70 or more,0.9191919191919193,PAP smear,40-44 years,0.03121308346920434,0.24273230114771338,0.15013224484962265,0.02914372243736137,0.16879937254293303,0.10836387640878953
Italy,1.0,1.0,70 or more,0.9191919191919193,PAP smear,45-49 years,0.03959481437726045,0.19117046528474713,0.15065201397811595,0.03765295189304718,0.1606358411703362,0.10954306770882483
Japan,0.14285714285714285,0.4444444444444445,10 to 50,0.6969696969696971,PAP smear,30-34 years,0.0207911111404844,0.31203372478928804,0.1571970516733241,0.018430836635094653,0.1880783549380029,0.11284247160982777
Japan,0.14285714285714285,0.4444444444444445,10 to 50,0.6969696969696971,PAP smear,35-39 years,0.039447380227067376,0.43755451715046667,0.23415495777675557,0.03606958569115646,0.27643840853997187,0.16842568475110398
Japan,0.14285714285714285,0.4444444444444445,10 to 50,0.6969696969696971,PAP smear,40-44 years,0.05840084324365805,0.4464707039417387,0.26963119772267935,0.0547225001525819,0.31080451292393624,0.19461076620823167
Japan,0.14285714285714285,0.4444444444444445,10 to 50,0.6969696969696971,PAP smear,45-49 years,0.07650314117684127,0.4003977063416281,0.2839165521680017,0.07287418932037483,0.3136593683088765,0.20513507625232993
Kazakhstan,1.0,1.0,70 or more,0.6565656565656567,PAP smear,30-34 years,0.04548740841999639,0.20236333174735976,0.16000244891266188,0.0434809311207263,0.18516575891681053,0.1216450964945989
Kazakhstan,1.0,1.0,70 or more,0.6565656565656567,PAP smear,35-39 years,0.11032615719501151,0.33531652802606066,0.329614576319262,0.10646319275701123,0.3734306874646522,0.2557097187503742
Kazakhstan,1.0,1.0,70 or more,0.6565656565656567,PAP smear,40-44 years,0.16810504059859224,0.40524655617467936,0.3951698157403275,0.16405707330418762,0.4413346796599647,0.3257649356073262
Kazakhstan,1.0,1.0,70 or more,0.6565656565656567,PAP smear,45-49 years,0.20328374458521187,0.3546810805071273,0.39139349849068067,0.19987317814248085,0.3993669580065871,0.3338261661710086
Kenya,0.14285714285714285,0.4444444444444445,10 to 50,0.16161616161616163,HPV test,30-34 years,0.05510362395660275,0.024139394822390914,0.08693009515982317,0.054508126670987,0.0939592125064028,0.07113113973465636
Kenya,0.14285714285714285,0.4444444444444445,10 to 50,0.16161616161616163,HPV test,35-39 years,0.11753497904826414,0.0903168696292193,0.17140437290168914,0.11650541127411493,0.17598736589456115,0.14480267984043488
Kenya,0.14285714285714285,0.4444444444444445,10 to 50,0.16161616161616163,HPV test,40-44 years,0.21254390977393542,0.15837106952718716,0.25346615702673736,0.21165192283963427,0.2405413265634328,0.23294517998325678
Kenya,0.14285714285714285,0.4444444444444445,10 to 50,0.16161616161616163,HPV test,45-49 years,0.3101592201080277,0.2140654745946587,0.3085015076209226,0.3099112105145438,0.2665634083468025,0.3117382032481626
Kiribati,0.14285714285714285,0.4444444444444445,10 to 50,0.1717171717171717,PAP smear,30-34 years,0.2926813966840834,0.5239398800051495,0.4514237906049642,0.28969530598771853,0.4925583008810832,0.38745179029504906
Kiribati,0.14285714285714285,0.4444444444444445,10 to 50,0.1717171717171717,PAP smear,35-39 years,0.5351092458490532,0.7772356074271136,0.6877086318390842,0.5320125207081632,0.7165661437882971,0.624964983908034
Kiribati,0.14285714285714285,0.4444444444444445,10 to 50,0.1717171717171717,PAP smear,40-44 years,0.9321276889419453,0.9999999999999998,1.0,0.9301316189543838,0.9472149588725813,0.982950761991153
Kiribati,0.14285714285714285,0.4444444444444445,10 to 50,0.1717171717171717,PAP smear,45-49 years,1.0000000000000002,0.7871262925966448,0.9480775836009692,1.0000000000000002,0.8099637614897441,0.9999999999999998
Latvia,0.14285714285714285,0.4444444444444445,10 to 50,0.8888888888888891,PAP smear,30-34 years,0.022821730492727347,0.13425376449863696,0.058849303612920956,0.022182886294868233,0.06800967874565052,0.044894674512315214
Latvia,0.14285714285714285,0.4444444444444445,10 to 50,0.8888888888888891,PAP smear,35-39 years,0.04236760340317849,0.17312426146159643,0.0976393839325616,0.0413809625757128,0.10754287384604683,0.07429016379787295
Latvia,0.14285714285714285,0.4444444444444445,10 to 50,0.8888888888888891,PAP smear,40-44 years,0.08289065350856079,0.19521774108525336,0.16972091352585295,0.08132611289339861,0.1793443226506976,0.13209397875764814
Latvia,0.14285714285714285,0.4444444444444445,10 to 50,0.8888888888888891,PAP smear,45-49 years,0.09322828647395881,0.1729489102043812,0.1561842786663453,0.09206439138674118,0.15289376963322765,0.1272058859354632
Lebanon,0.7142857142857143,0.6666666666666666,more than 50 but less than 70,0.18181818181818182,PAP smear,30-34 years,0.002522404910225433,0.02386943346897566,0.006532494165363504,0.002451313503934657,0.006390833380243384,0.0042789640028560935
Lebanon,0.7142857142857143,0.6666666666666666,more than 50 but less than 70,0.18181818181818182,PAP smear,35-39 years,0.009953773113316074,0.061580641326985194,0.026647876723230716,0.009658305418156071,0.029527146626022654,0.020259926683266184
Lebanon,0.7142857142857143,0.6666666666666666,more than 50 but less than 70,0.18181818181818182,PAP smear,40-44 years,0.01858517696209956,0.0782757323753495,0.03639291766987282,0.01826289713985306,0.03791442668641548,0.02842569452407951
Lebanon,0.7142857142857143,0.6666666666666666,more than 50 but less than 70,0.18181818181818182,PAP smear,45-49 years,0.02677286195164526,0.0653614705208908,0.0403163439724233,0.026516490265859134,0.03635402508543052,0.03329818499190259
Lithuania,0.14285714285714285,0.4444444444444445,10 to 50,0.8585858585858587,PAP smear,30-34 years,0.03251769288579916,0.16945272603675027,0.1629505639582104,0.030249507950732012,0.1911526091635,0.12281641474375282
Lithuania,0.14285714285714285,0.4444444444444445,10 to 50,0.8585858585858587,PAP smear,35-39 years,0.05812899137713041,0.24179330640733143,0.23747227202486673,0.05499831027367887,0.2699409291636819,0.18225274202939953
Lithuania,0.14285714285714285,0.4444444444444445,10 to 50,0.8585858585858587,PAP smear,40-44 years,0.09381423148941911,0.27337670178756884,0.3175246969602547,0.08989007012664443,0.34658822006564177,0.24253214511261736
Lithuania,0.14285714285714285,0.4444444444444445,10 to 50,0.8585858585858587,PAP smear,45-49 years,0.11307039820786075,0.24686401519064372,0.3004689484879572,0.10975245526986073,0.31812351605696465,0.23488825847201686
Madagascar,0.0,0.0,Less than 10,0.07070707070707072,Visual inspection,30-34 years,0.15452981421626066,0.20430945577820442,0.22382662523914618,0.15320242078355645,0.23963954793326397,0.18760560682689206
Madagascar,0.0,0.0,Less than 10,0.07070707070707072,Visual inspection,35-39 years,0.2817201267329567,0.36301302757528137,0.35036027313706425,0.28029063224538675,0.3644148483156314,0.3187455784680088
Madagascar,0.0,0.0,Less than 10,0.07070707070707072,Visual inspection,40-44 years,0.46570968562432435,0.505188409129681,0.4821301613635833,0.465012665832032,0.4426095739877857,0.47330620343858854
Madagascar,0.0,0.0,Less than 10,0.07070707070707072,Visual inspection,45-49 years,0.606295634544767,0.5230291512285348,0.5309763023963227,0.6070482382366198,0.43444698687008176,0.571137721545331
Malawi,0.14285714285714285,0.4444444444444445,10 to 50,0.18181818181818182,Visual inspection,30-34 years,0.23208146248637965,0.22157660859378486,0.35215196055758374,0.22981328681929128,0.38367599284759624,0.29559932279166323
Malawi,0.14285714285714285,0.4444444444444445,10 to 50,0.18181818181818182,Visual inspection,35-39 years,0.3630698025390135,0.33143128071964545,0.47489494168154306,0.36082641885997985,0.4962941777533372,0.4263080232875056
Malawi,0.14285714285714285,0.4444444444444445,10 to 50,0.18181818181818182,Visual inspection,40-44 years,0.5483128499683476,0.42038093911494473,0.5852740440639767,0.5471895680471828,0.5514840952379398,0.5720347422682377
Malawi,0.14285714285714285,0.4444444444444445,10 to 50,0.18181818181818182,Visual inspection,45-49 years,0.6734616494780332,0.45140836684031116,0.61217783705748,0.673913428991437,0.508829015760308,0.6498044533177622
Malaysia,0.14285714285714285,0.4444444444444445,10 to 50,0.5353535353535355,PAP smear,30-34 years,0.028574088122286918,0.15245326177932922,0.07812196606098883,0.02769800729158643,0.08851751461397042,0.05860443459035526
Malaysia,0.14285714285714285,0.4444444444444445,10 to 50,0.5353535353535355,PAP smear,35-39 years,0.0714255162268995,0.26235774741302764,0.17889973355484332,0.06951679129948453,0.2002896183424104,0.13679806615319012
Malaysia,0.14285714285714285,0.4444444444444445,10 to 50,0.5353535353535355,PAP smear,40-44 years,0.138121124827472,0.35201835114486857,0.29847872019002203,0.13524507646268116,0.3216683731408367,0.23420573733310915
Malaysia,0.14285714285714285,0.4444444444444445,10 to 50,0.5353535353535355,PAP smear,45-49 years,0.1852704337280849,0.32528208739604675,0.3365330558526968,0.18250849510671455,0.34903075204012035,0.2805723869626854
Maldives,0.14285714285714285,0.4444444444444445,10 to 50,0.050505050505050504,PAP smear,30-34 years,0.006978309890298435,0.08593087459838893,0.01829621760109459,0.006777790010519292,0.021337274387842595,0.014011270747649684
Maldives,0.14285714285714285,0.4444444444444445,10 to 50,0.050505050505050504,PAP smear,35-39 years,0.018418995139601987,0.14856499705347292,0.04670470746762377,0.017916983420153014,0.053106249577131406,0.03585358264119154
Maldives,0.14285714285714285,0.4444444444444445,10 to 50,0.050505050505050504,PAP smear,40-44 years,0.03352626902126513,0.1972497645787668,0.07635582029485716,0.03276111045878428,0.08010380975768981,0.057253271648996545
Maldives,0.14285714285714285,0.4444444444444445,10 to 50,0.050505050505050504,PAP smear,45-49 years,0.044434617473247805,0.1754387826764537,0.0872260525719393,0.0436603898352021,0.08494937319346825,0.06749717660128804
Marshall Islands,0.14285714285714285,0.4444444444444445,10 to 50,0.47474747474747475,PAP smear,30-34 years,0.15595321205712376,0.18343444078949395,0.28057778745318607,0.15367471335310953,0.3116977753424139,0.2368831765571038
Marshall Islands,0.14285714285714285,0.4444444444444445,10 to 50,0.47474747474747475,PAP smear,35-39 years,0.28758658253677927,0.29385557521156336,0.43504173446891453,0.2847988063663302,0.45983587695611594,0.3800650186577913
Marshall Islands,0.14285714285714285,0.4444444444444445,10 to 50,0.47474747474747475,PAP smear,40-44 years,0.4873766088510986,0.37930592703648264,0.6091847813650106,0.48485103794702805,0.600700434417787,0.5740931249997303
Marshall Islands,0.14285714285714285,0.4444444444444445,10 to 50,0.47474747474747475,PAP smear,45-49 years,0.5028808435960572,0.2724174546734333,0.5525576485471823,0.5015797640641387,0.48406310256274554,0.5513546464960714
Mongolia,0.14285714285714285,0.4444444444444445,10 to 50,0.6161616161616162,PAP smear,30-34 years,0.049378344802748664,0.20262926901491973,0.11735737640789172,0.04816730370759362,0.1307332266506992,0.09259670200250958
Mongolia,0.14285714285714285,0.4444444444444445,10 to 50,0.6161616161616162,PAP smear,35-39 years,0.11932496533638344,0.3093747163971313,0.24906334431179575,0.11699132519444701,0.2692037815606764,0.2042316198850836
Mongolia,0.14285714285714285,0.4444444444444445,10 to 50,0.6161616161616162,PAP smear,40-44 years,0.19184588006708586,0.36428235669124553,0.32048716692693263,0.1894664308401772,0.3325750322431019,0.2839834051753841
Mongolia,0.14285714285714285,0.4444444444444445,10 to 50,0.6161616161616162,PAP smear,45-49 years,0.2550700713707533,0.340335435493714,0.3485381038811486,0.2532381006548035,0.3247370543163952,0.3309604716859279
Montenegro,0.14285714285714285,0.4444444444444445,10 to 50,0.5555555555555557,HPV test,30-34 years,0.03151623375856852,0.27707791737227844,0.18501163152374972,0.028853016783529074,0.21798174065245035,0.13595397200117718
Montenegro,0.14285714285714285,0.4444444444444445,10 to 50,0.5555555555555557,HPV test,35-39 years,0.051996977585892626,0.34932637932724564,0.24933313017882533,0.04856287072413304,0.2881777285057053,0.18439793798861748
Montenegro,0.14285714285714285,0.4444444444444445,10 to 50,0.5555555555555557,HPV test,40-44 years,0.08594259295073901,0.32565155204711854,0.3340618482841365,0.08160641155434104,0.3715106344319151,0.24787942224881845
Montenegro,0.14285714285714285,0.4444444444444445,10 to 50,0.5555555555555557,HPV test,45-49 years,0.12708366543780397,0.25163105295958466,0.37250259652535755,0.12275716957792299,0.41379721800426145,0.2996129332338039
Morocco,0.0,0.0,Less than 10,0.1717171717171717,Visual inspection,30-34 years,0.01869621740922583,0.06373268210629944,0.027538484470662292,0.018527752906294614,0.029145093010470823,0.02236459758198473
Morocco,0.0,0.0,Less than 10,0.1717171717171717,Visual inspection,35-39 years,0.051905267595675764,0.1555415933722472,0.08900619656593589,0.051222072269355066,0.09292499344011912,0.07251951712526684
Morocco,0.0,0.0,Less than 10,0.1717171717171717,Visual inspection,40-44 years,0.10281050961483822,0.22412613617217486,0.14040807385706416,0.1020734126502857,0.13702263405522228,0.12227742245777673
Morocco,0.0,0.0,Less than 10,0.1717171717171717,Visual inspection,45-49 years,0.1596054979049578,0.22495452001644806,0.17969524609552107,0.15911833980015005,0.15396746991803995,0.1689913940578769
Mozambique,0.7142857142857143,0.6666666666666666,more than 50 but less than 70,0.0202020202020202,Visual inspection,30-34 years,0.1922303910144769,0.05801351821678909,0.2565288373495821,0.19095520137998004,0.27445823863736324,0.22152566455421585
Mozambique,0.7142857142857143,0.6666666666666666,more than 50 but less than 70,0.0202020202020202,Visual inspection,35-39 years,0.3644195362317876,0.1666468711335244,0.43105020262595406,0.3629508231711006,0.43225518588550366,0.394899330170025
Mozambique,0.7142857142857143,0.6666666666666666,more than 50 but less than 70,0.0202020202020202,Visual inspection,40-44 years,0.6093146106835245,0.30094262234629415,0.585399210200736,0.6091820490368479,0.5238354796091288,0.5956998858893169
Mozambique,0.7142857142857143,0.6666666666666666,more than 50 but less than 70,0.0202020202020202,Visual inspection,45-49 years,0.836177837408841,0.578604077169492,0.6861473255938815,0.8380081300237977,0.5506342428826568,0.7645346717527477
Myanmar,0.0,0.0,Less than 10,0.030303030303030304,Visual inspection,30-34 years,0.046404751709340004,0.08998681372554033,0.0743730697093997,0.04588324302659874,0.08233337691712728,0.06093126347788107
Myanmar,0.0,0.0,Less than 10,0.030303030303030304,Visual inspection,35-39 years,0.08577015043471295,0.1667254893484288,0.1343761105233629,0.08485925676877798,0.13999898443407277,0.10971441797120898
Myanmar,0.0,0.0,Less than 10,0.030303030303030304,Visual inspection,40-44 years,0.1396486099388141,0.233444038471758,0.19334694392902388,0.13860226728025388,0.18706806781304805,0.1649873549858086
Myanmar,0.0,0.0,Less than 10,0.030303030303030304,Visual inspection,45-49 years,0.1697447060420212,0.21751493923873438,0.20599428164511172,0.16897108710840925,0.1813131599096319,0.1856273059892844
Nepal,0.14285714285714285,0.4444444444444445,10 to 50,0.09090909090909093,Visual inspection,30-34 years,0.04642067134262237,0.12908056633620796,0.07993524682085802,0.045803933385498895,0.08760681452330356,0.06510330188018286
Nepal,0.14285714285714285,0.4444444444444445,10 to 50,0.09090909090909093,Visual inspection,35-39 years,0.09086273163758278,0.22908870382252366,0.14363548578253385,0.08987576535210132,0.14812993907767819,0.11868067431064264
Nepal,0.14285714285714285,0.4444444444444445,10 to 50,0.09090909090909093,Visual inspection,40-44 years,0.16843934484531975,0.3384635298940644,0.21997322946457495,0.16740449690606846,0.2124573355377963,0.19753241064224034
Nepal,0.14285714285714285,0.4444444444444445,10 to 50,0.09090909090909093,Visual inspection,45-49 years,0.21698541161310717,0.3225096014983035,0.23289598096176342,0.21651885230054702,0.20378784741417233,0.23002720903297666
New Zealand,1.0,1.0,70 or more,0.9696969696969698,HPV test,30-34 years,0.016865249050089456,0.15105424277072466,0.06407760424150621,0.01603970015412042,0.07563356005737516,0.04829606317868236
New Zealand,1.0,1.0,70 or more,0.9696969696969698,HPV test,35-39 years,0.021979909140309763,0.18366734187030115,0.07180220822126476,0.021104995087704134,0.08207167531518454,0.05419960806059161
New Zealand,1.0,1.0,70 or more,0.9696969696969698,HPV test,40-44 years,0.03308139694030035,0.14802939243886087,0.10216571989956612,0.03186590751157968,0.1129394812687691,0.07608314901297429
New Zealand,1.0,1.0,70 or more,0.9696969696969698,HPV test,45-49 years,0.03815075548825847,0.10372826862007249,0.09448997906065161,0.03714954818271712,0.09645707730340372,0.07249243196680029
Nicaragua,0.14285714285714285,0.4444444444444445,10 to 50,0.8888888888888891,PAP smear,30-34 years,0.08368645026936435,0.5417929430316996,0.31284683080938747,0.07967775543042131,0.3673056923388312,0.2440319965248117
Nicaragua,0.14285714285714285,0.4444444444444445,10 to 50,0.8888888888888891,PAP smear,35-39 years,0.186310156450357,0.8023442852344582,0.591472400835565,0.1791884826131679,0.6771311403667182,0.47263275562898877
Nicaragua,0.14285714285714285,0.4444444444444445,10 to 50,0.8888888888888891,PAP smear,40-44 years,0.23339479884122022,0.8741547666026689,0.6122869896966079,0.22668214467861014,0.6676647933578063,0.5067702624704826
Nicaragua,0.14285714285714285,0.4444444444444445,10 to 50,0.8888888888888891,PAP smear,45-49 years,0.26679643995301944,0.7596604799980948,0.5764336268852388,0.26124294403383547,0.5868394902347359,0.5070570961668851
Niue,0.14285714285714285,0.4444444444444445,10 to 50,0.43434343434343436,PAP smear,30-34 years,0.054446406337073046,0.1787334011276936,0.1543280964968088,0.052683160481263216,0.1751797702502495,0.1200831483315983
Niue,0.14285714285714285,0.4444444444444445,10 to 50,0.43434343434343436,PAP smear,35-39 years,0.112180866950514,0.28828962636837885,0.2558926035391197,0.10961370799875883,0.2830523339424508,0.20431715643604748
Niue,0.14285714285714285,0.4444444444444445,10 to 50,0.43434343434343436,PAP smear,40-44 years,0.19924883109823888,0.37103033742133273,0.37395103828265525,0.19607203463224646,0.40224528563797474,0.31574500428863284
Niue,0.14285714285714285,0.4444444444444445,10 to 50,0.43434343434343436,PAP smear,45-49 years,0.21288075825051717,0.26354936261856293,0.33845435024179965,0.21053522354212575,0.3424417641804847,0.30332956039287406
Norway,1.0,1.0,70 or more,0.8888888888888891,HPV test,30-34 years,0.014710257959941742,0.22157553343040504,0.11227764372843184,0.01302216262669452,0.13446847542730309,0.08080039838429985
Norway,1.0,1.0,70 or more,0.8888888888888891,HPV test,35-39 years,0.02493081096676555,0.30244779694240886,0.1454602572731604,0.022839405315908508,0.16983817616727878,0.10399983812088119
Norway,1.0,1.0,70 or more,0.8888888888888891,HPV test,40-44 years,0.037453095893291224,0.309949379218191,0.16315153529137602,0.03526178976876499,0.1856474860732697,0.11732156527760593
Norway,1.0,1.0,70 or more,0.8888888888888891,HPV test,45-49 years,0.0483426028239399,0.240040266789528,0.16202443774428318,0.04634788448764891,0.17330163413206695,0.11659189268552198
Palau,0.7142857142857143,0.6666666666666666,more than 50 but less than 70,0.8080808080808082,PAP smear,30-34 years,0.16645502758788144,0.37210257558390447,0.482869857355054,0.16087461870349812,0.5614908154339195,0.3818423154448838
Palau,0.7142857142857143,0.6666666666666666,more than 50 but less than 70,0.8080808080808082,PAP smear,35-39 years,0.3001543948498547,0.6035951088555774,0.7088500439187353,0.2928705835246531,0.7939777993294436,0.5636568928653402
Palau,0.7142857142857143,0.6666666666666666,more than 50 but less than 70,0.8080808080808082,PAP smear,40-44 years,0.47253300736982073,0.8484512875700628,0.9211278083426908,0.4644105754021746,1.0,0.7682933274391671
Palau,0.7142857142857143,0.6666666666666666,more than 50 but less than 70,0.8080808080808082,PAP smear,45-49 years,0.46973143777112036,0.674489697003573,0.7835131865345588,0.46392589904819864,0.7903031299007232,0.6848206227769971
Panama,0.14285714285714285,0.4444444444444445,10 to 50,0.8686868686868688,PAP smear,30-34 years,0.10053591161811784,0.4971992938554045,0.4708028895813921,0.09408975748294905,0.5538591670000612,0.36009792796463846
Panama,0.14285714285714285,0.4444444444444445,10 to 50,0.8686868686868688,PAP smear,35-39 years,0.12673508976559122,0.5396448853615391,0.5007935137284196,0.12020049287854315,0.5763670144206802,0.3907284501942274
Panama,0.14285714285714285,0.4444444444444445,10 to 50,0.8686868686868688,PAP smear,40-44 years,0.17636731951581203,0.631861852079845,0.5801433929191347,0.16927830549598735,0.6425192018844281,0.46191760636504375
Panama,0.14285714285714285,0.4444444444444445,10 to 50,0.8686868686868688,PAP smear,45-49 years,0.2122750817623596,0.5952681561768535,0.5805783691979886,0.20576303763852777,0.6037654198002125,0.4817349820722022
Paraguay,0.14285714285714285,0.4444444444444445,10 to 50,0.8585858585858587,PAP smear,30-34 years,0.11943426425487026,0.6562517598277874,0.33807900065390234,0.11557423146407238,0.3944986453598834,0.2656658451493187
Paraguay,0.14285714285714285,0.4444444444444445,10 to 50,0.8585858585858587,PAP smear,35-39 years,0.2374069315171736,0.9311391648528657,0.5668447980280167,0.23153970555465087,0.650148437854788,0.46196267754438003
Paraguay,0.14285714285714285,0.4444444444444445,10 to 50,0.8585858585858587,PAP smear,40-44 years,0.3223583324363836,0.9987358103647854,0.6295572410421462,0.31679716903058003,0.6762237625358467,0.5285847090926292
Paraguay,0.14285714285714285,0.4444444444444445,10 to 50,0.8585858585858587,PAP smear,45-49 years,0.39452307639358564,0.8613471322830084,0.6293170163472138,0.39014059561064646,0.6398743798670725,0.5698636596139295
Peru,0.14285714285714285,0.4444444444444445,10 to 50,0.8888888888888891,PAP smear,30-34 years,0.07223522513233048,0.3661248618103539,0.2536362963525237,0.06905664306813335,0.3013005419605801,0.19422459552918084
Peru,0.14285714285714285,0.4444444444444445,10 to 50,0.8888888888888891,PAP smear,35-39 years,0.13881377127948635,0.5979107002807827,0.4175171837205578,0.13390540990649116,0.4816632849396444,0.32198731944251124
Peru,0.14285714285714285,0.4444444444444445,10 to 50,0.8888888888888891,PAP smear,40-44 years,0.23608895005708297,0.7774859516874508,0.5772714350228842,0.23002127379015522,0.6490952633446685,0.453291287110142
Peru,0.14285714285714285,0.4444444444444445,10 to 50,0.8888888888888891,PAP smear,45-49 years,0.3291908378117802,0.7989664260132254,0.6831037948577349,0.3228216231054675,0.747164998524087,0.546336416538283
Poland,0.14285714285714285,0.4444444444444445,10 to 50,0.9494949494949496,PAP smear,30-34 years,0.017608990905464313,0.2091683272400774,0.06930217495753153,0.016705854662161464,0.0784602554205324,0.05322390652278991
Poland,0.14285714285714285,0.4444444444444445,10 to 50,0.9494949494949496,PAP smear,35-39 years,0.03667789259689756,0.2878633671372434,0.10994763288708027,0.03538734440833242,0.1192052390711103,0.0862562869545728
Poland,0.14285714285714285,0.4444444444444445,10 to 50,0.9494949494949496,PAP smear,40-44 years,0.06169048160938543,0.3099410502124667,0.13752132478119763,0.06033367021612514,0.14009760931125895,0.11308503702741746
Poland,0.14285714285714285,0.4444444444444445,10 to 50,0.9494949494949496,PAP smear,45-49 years,0.0920547658844769,0.2827478859690169,0.15350859678939402,0.09091770511961926,0.13876779810095793,0.13671321774517903
Portugal,1.0,1.0,70 or more,0.8787878787878789,PAP smear,30-34 years,0.031139187919643634,0.3436013314958368,0.18196955237176468,0.028522058853431603,0.21625209016935734,0.13231220023889054
Portugal,1.0,1.0,70 or more,0.8787878787878789,PAP smear,35-39 years,0.03871021130574083,0.36452882873478054,0.20069820442603822,0.03589478561159346,0.2307924269463852,0.1431308878485722
Portugal,1.0,1.0,70 or more,0.8787878787878789,PAP smear,40-44 years,0.049100783427984435,0.29978397127990586,0.20946513152848067,0.04630396967451996,0.23740406103871237,0.15100637423642205
Portugal,1.0,1.0,70 or more,0.8787878787878789,PAP smear,45-49 years,0.06432853903567964,0.2466756885624944,0.23533435716385806,0.0613354647582188,0.2612492310410109,0.17353116101787025
Qatar,0.0,0.0,Less than 10,0.6060606060606062,PAP smear,30-34 years,0.0,0.01818570948822222,0.0,0.0,0.0,0.0
Qatar,0.0,0.0,Less than 10,0.6060606060606062,PAP smear,35-39 years,0.005487493714674643,0.054431674275661215,0.019134637589477515,0.0052483156721614835,0.01981340313536379,0.0133585898095636
Qatar,0.0,0.0,Less than 10,0.6060606060606062,PAP smear,40-44 years,0.009923141803837819,0.07305361155809807,0.019973936788241293,0.009741750064653231,0.02039916923312931,0.015458650438132805
Qatar,0.0,0.0,Less than 10,0.6060606060606062,PAP smear,45-49 years,0.019205956284986298,0.06436515670259811,0.031142197774630242,0.01898392176985755,0.02844816925497292,0.025571253423252685
Romania,0.14285714285714285,0.4444444444444445,10 to 50,0.41414141414141414,PAP smear,30-34 years,0.05966196982544742,0.5129902655958346,0.2559908670111207,0.056238322582802674,0.3056757403064529,0.1938873464711008
Romania,0.14285714285714285,0.4444444444444445,10 to 50,0.41414141414141414,PAP smear,35-39 years,0.12242484517457879,0.675252456783706,0.44214145999447996,0.11682700048825159,0.5115742642683817,0.334066870069437
Romania,0.14285714285714285,0.4444444444444445,10 to 50,0.41414141414141414,PAP smear,40-44 years,0.18798120313991992,0.7313066320344,0.5304556501343628,0.18193422924278868,0.5990657087225763,0.412130222060326
Romania,0.14285714285714285,0.4444444444444445,10 to 50,0.41414141414141414,PAP smear,45-49 years,0.2577388637622029,0.6216889058219786,0.5811079435881755,0.25195769999305306,0.6142699187933662,0.46641047998377705
Russian Federation,0.7142857142857143,0.6666666666666666,more than 50 but less than 70,0.9292929292929294,PAP smear,30-34 years,0.07500927539007862,0.2270597562724176,0.27381466722584047,0.07152943284559798,0.32595981998070084,0.2054780610270679
Russian Federation,0.7142857142857143,0.6666666666666666,more than 50 but less than 70,0.9292929292929294,PAP smear,35-39 years,0.14143994795343093,0.30105020722629083,0.44397952728306933,0.13612003952786936,0.5160674595528553,0.3332293636591178
Russian Federation,0.7142857142857143,0.6666666666666666,more than 50 but less than 70,0.9292929292929294,PAP smear,40-44 years,0.17908159862205422,0.3165537792911729,0.4668199815509442,0.1739822361186747,0.5300296349409578,0.35769671026192285
Russian Federation,0.7142857142857143,0.6666666666666666,more than 50 but less than 70,0.9292929292929294,PAP smear,45-49 years,0.17753280889919715,0.26804734413971554,0.38723476126721657,0.17377451327268437,0.4176362886770549,0.3050388466404904
San Marino,1.0,1.0,70 or more,0.8080808080808082,HPV test,30-34 years,0.0039648708058737285,0.08609697776242602,0.04183462260990535,0.003311209642230378,0.05080625157657315,0.030016676194165544
San Marino,1.0,1.0,70 or more,0.8080808080808082,HPV test,35-39 years,0.010161534454185685,0.11217167575699612,0.06514108647134506,0.009208618140563032,0.0754210283994939,0.04583144971991196
San Marino,1.0,1.0,70 or more,0.8080808080808082,HPV test,40-44 years,0.01599908469858505,0.1039088831272723,0.07234037248693541,0.015017587409186559,0.08117596095665491,0.051197899118610474
San Marino,1.0,1.0,70 or more,0.8080808080808082,HPV test,45-49 years,0.019652758427156174,0.06914030597372565,0.06569753262269884,0.018844769199456646,0.06879274735232062,0.04671008533058696
Senegal,0.14285714285714285,0.4444444444444445,10 to 50,0.09090909090909093,Visual inspection,30-34 years,0.09539629294926316,0.18627678968046196,0.1549646736871558,0.0942886219962574,0.1684513906642363,0.12606462491192644
Senegal,0.14285714285714285,0.4444444444444445,10 to 50,0.09090909090909093,Visual inspection,35-39 years,0.1744152675113404,0.315274695586128,0.25286603249109585,0.17291299865173843,0.2589345667836434,0.21342748747484366
Senegal,0.14285714285714285,0.4444444444444445,10 to 50,0.09090909090909093,Visual inspection,40-44 years,0.3008932156372969,0.453119232335624,0.3386146403776493,0.2999774262613427,0.3375468893144914,0.32825091914643745
Senegal,0.14285714285714285,0.4444444444444445,10 to 50,0.09090909090909093,Visual inspection,45-49 years,0.3734611389158904,0.4339211441093599,0.3614750211470194,0.37333401590724447,0.3140440500022808,0.3721822855037604
Serbia,0.14285714285714285,0.4444444444444445,10 to 50,0.9191919191919193,PAP smear,30-34 years,0.04199157868887624,0.44307939683036757,0.20312473519619242,0.039187903427368075,0.23730161124620713,0.14839931179136676
Serbia,0.14285714285714285,0.4444444444444445,10 to 50,0.9191919191919193,PAP smear,35-39 years,0.08288617328274075,0.5863446517959516,0.3225288810721848,0.07869823698836656,0.37504495651774167,0.24226863424198827
Serbia,0.14285714285714285,0.4444444444444445,10 to 50,0.9191919191919193,PAP smear,40-44 years,0.13200327976812548,0.583860995658442,0.42685946565478844,0.12682368720950551,0.47948429040134577,0.321075019637163
Serbia,0.14285714285714285,0.4444444444444445,10 to 50,0.9191919191919193,PAP smear,45-49 years,0.19525097677577566,0.5035898787903057,0.4975557271915992,0.18988713393823559,0.5363171994967834,0.3931375103852762
Singapore,0.7142857142857143,0.6666666666666666,more than 50 but less than 70,0.686868686868687,HPV test,30-34 years,0.008537633502653089,0.2093509323609456,0.07016538822697026,0.007472032023453285,0.0829445206422286,0.049389580495082186
Singapore,0.7142857142857143,0.6666666666666666,more than 50 but less than 70,0.686868686868687,HPV test,35-39 years,0.012027418649283934,0.273704246030046,0.07516337304619367,0.010932814522921119,0.08502778275692101,0.05146546141918665
Singapore,0.7142857142857143,0.6666666666666666,more than 50 but less than 70,0.686868686868687,HPV test,40-44 years,0.018805355329455153,0.2787820851150731,0.08234045279398111,0.017697857249710305,0.09399809714057009,0.058859280421402385
Singapore,0.7142857142857143,0.6666666666666666,more than 50 but less than 70,0.686868686868687,HPV test,45-49 years,0.04473071605686182,0.2642041545687563,0.15799941661638603,0.042746309729875656,0.16782162432816425,0.11096265491073107
Slovakia,0.14285714285714285,0.4444444444444445,10 to 50,0.8686868686868688,PAP smear,30-34 years,0.03234309054453994,0.33603145778489574,0.15651370315640098,0.030182568238980457,0.18332990956439055,0.11447324002404485
Slovakia,0.14285714285714285,0.4444444444444445,10 to 50,0.8686868686868688,PAP smear,35-39 years,0.0622174293735322,0.46309670763911503,0.248122430632673,0.05897045594316887,0.2872861353544796,0.1841289495923249
Slovakia,0.14285714285714285,0.4444444444444445,10 to 50,0.8686868686868688,PAP smear,40-44 years,0.1004966965015296,0.4611605932913325,0.32758697777526885,0.09650855574379738,0.3657102594181718,0.24480073467733596
Slovakia,0.14285714285714285,0.4444444444444445,10 to 50,0.8686868686868688,PAP smear,45-49 years,0.11836127843432272,0.37219572518074073,0.3128075811674146,0.11491762741591724,0.32995505565731786,0.24003915514445004
Slovenia,1.0,1.0,70 or more,0.9494949494949496,PAP smear,30-34 years,0.01344959214937709,0.16911853468724808,0.3571086708564363,0.007537854326584462,0.4316915072696614,0.259825536923463
Slovenia,1.0,1.0,70 or more,0.9494949494949496,PAP smear,35-39 years,0.03495006666826851,0.27786123359525167,0.6314940432025995,0.02467777564814107,0.7473664466171417,0.45514531276668424
Slovenia,1.0,1.0,70 or more,0.9494949494949496,PAP smear,40-44 years,0.032759083900878325,0.26398289432793304,0.44021574627198407,0.0257348924055139,0.5161515600001582,0.32173880935285926
Slovenia,1.0,1.0,70 or more,0.9494949494949496,PAP smear,45-49 years,0.05435834444079589,0.23854495682928556,0.5080967377750929,0.0465203607108474,0.5745839920507863,0.3770032771125924
Solomon Islands,0.14285714285714285,0.4444444444444445,10 to 50,0.15151515151515152,Visual inspection,30-34 years,0.1277821906590965,0.1821759491813179,0.22482329109344204,0.12600234076730518,0.24621101041784071,0.18515392440018527
Solomon Islands,0.14285714285714285,0.4444444444444445,10 to 50,0.15151515151515152,Visual inspection,35-39 years,0.25300077612815175,0.3161227960486425,0.3711879600455402,0.25074628519724096,0.3953508384767725,0.3201226263187168
Solomon Islands,0.14285714285714285,0.4444444444444445,10 to 50,0.15151515151515152,Visual inspection,40-44 years,0.49855214513483576,0.48003997662100095,0.6186046335825921,0.49604675324712993,0.6121972299611294,0.5709297553010773
Solomon Islands,0.14285714285714285,0.4444444444444445,10 to 50,0.15151515151515152,Visual inspection,45-49 years,0.5168678014371644,0.35289562394519197,0.551024836131649,0.5158206891166274,0.499137654847321,0.5527627387101414
South Africa,0.7142857142857143,0.6666666666666666,more than 50 but less than 70,0.5151515151515152,PAP smear,30-34 years,0.14501266556722536,0.06568436356626801,0.29920565456852616,0.14223630480884672,0.33548591513745685,0.24687501071818393
South Africa,0.7142857142857143,0.6666666666666666,more than 50 but less than 70,0.5151515151515152,PAP smear,35-39 years,0.32091427568174846,0.2092766184535786,0.5783358783148672,0.3162089487589772,0.619586567764339,0.492508325204825
South Africa,0.7142857142857143,0.6666666666666666,more than 50 but less than 70,0.5151515151515152,PAP smear,40-44 years,0.48706431814701656,0.34310598088949074,0.7028093665184446,0.482926369227629,0.7089256275591481,0.644372282563452
South Africa,0.7142857142857143,0.6666666666666666,more than 50 but less than 70,0.5151515151515152,PAP smear,45-49 years,0.5440720668528569,0.3893439915650286,0.6384678438172307,0.54196655987581,0.5855705274266467,0.6356943978136144
Spain,0.7142857142857143,0.6666666666666666,more than 50 but less than 70,0.8787878787878789,HPV test,30-34 years,0.009876363317096286,0.20781056346862165,0.08073664035502472,0.008651069685121204,0.09857494270908967,0.059180295488507104
Spain,0.7142857142857143,0.6666666666666666,more than 50 but less than 70,0.8787878787878789,HPV test,35-39 years,0.016116962680194684,0.21187285678038004,0.10487515908918442,0.014578844740774179,0.12026376096779323,0.07400297847751498
Spain,0.7142857142857143,0.6666666666666666,more than 50 but less than 70,0.8787878787878789,HPV test,40-44 years,0.030020559274320128,0.24607310732662685,0.15517291604656092,0.027845253174579993,0.1765689692661182,0.11068862369010754
Spain,0.7142857142857143,0.6666666666666666,more than 50 but less than 70,0.8787878787878789,HPV test,45-49 years,0.040088266587246416,0.18366566093394954,0.17967639077481973,0.037656161102238093,0.1957806870473507,0.12693893261353204
Sri Lanka,0.7142857142857143,0.6666666666666666,more than 50 but less than 70,0.26262626262626265,PAP smear,30-34 years,0.008126283150244051,0.03749429441798921,0.02321131869270367,0.007860068026156429,0.026805624534719248,0.017474541671030852
Sri Lanka,0.7142857142857143,0.6666666666666666,more than 50 but less than 70,0.26262626262626265,PAP smear,35-39 years,0.022205747910390573,0.11245883372741951,0.05962447393487455,0.0215435702397892,0.06753214331496234,0.045590979773366944
Sri Lanka,0.7142857142857143,0.6666666666666666,more than 50 but less than 70,0.26262626262626265,PAP smear,40-44 years,0.04317085178942803,0.18850138109093778,0.10242474530902769,0.04211513225049089,0.11031645299737045,0.07794108906501557
Sri Lanka,0.7142857142857143,0.6666666666666666,more than 50 but less than 70,0.26262626262626265,PAP smear,45-49 years,0.06401590851080097,0.18715690439270094,0.13231384807353108,0.06278634501645403,0.13330123866007276,0.10328871907015301
Sweden,1.0,1.0,70 or more,1.0,PAP smear,30-34 years,0.0135994303493048,0.18816553666663804,0.1019560572692194,0.012070450399275245,0.12190410656255804,0.07345012214800206
Sweden,1.0,1.0,70 or more,1.0,PAP smear,35-39 years,0.02639535381883289,0.2667030744150443,0.14461400095089672,0.024342313234050904,0.16892887836457327,0.1039764385255931
Sweden,1.0,1.0,70 or more,1.0,PAP smear,40-44 years,0.03309999701313348,0.24774340910444603,0.13346950923242884,0.03134740416096762,0.15046332588335384,0.09646595548643619
Sweden,1.0,1.0,70 or more,1.0,PAP smear,45-49 years,0.03196632446521802,0.16161799925284565,0.0911668806169778,0.030921508032286365,0.09408005089978982,0.06669886069139852
Switzerland,1.0,1.0,70 or more,0.9797979797979799,PAP smear,30-34 years,0.006836531431235983,0.18306471792149254,0.06700894654543797,0.00579743073883759,0.07927411530017762,0.047098693632154603
Switzerland,1.0,1.0,70 or more,0.9797979797979799,PAP smear,35-39 years,0.010258052003866484,0.19222974900273698,0.07029479666857417,0.00921823056766051,0.08313706750070098,0.05026192874913407
Switzerland,1.0,1.0,70 or more,0.9797979797979799,PAP smear,40-44 years,0.018259300724515547,0.16717582673455061,0.08839713478556895,0.017038937250588318,0.100595583148819,0.06286736797458059
Switzerland,1.0,1.0,70 or more,0.9797979797979799,PAP smear,45-49 years,0.02953624686981692,0.16961128836856998,0.10697640160304613,0.02818046919730355,0.11568377063672486,0.07698786643500567
Thailand,0.7142857142857143,0.6666666666666666,more than 50 but less than 70,0.7676767676767677,PAP smear,30-34 years,0.06885350817837908,0.23606694833240366,0.23810617379918367,0.06588649760854044,0.2853921812782284,0.18340695786833067
Thailand,0.7142857142857143,0.6666666666666666,more than 50 but less than 70,0.7676767676767677,PAP smear,35-39 years,0.11125046508902744,0.3224729817286879,0.3399162236879275,0.10722569176273156,0.39357889054750234,0.25993839432655397
Thailand,0.7142857142857143,0.6666666666666666,more than 50 but less than 70,0.7676767676767677,PAP smear,40-44 years,0.1541667454451866,0.3927240046100756,0.40667821185940867,0.14969434766741102,0.4471608021573681,0.31055249555791253
Thailand,0.7142857142857143,0.6666666666666666,more than 50 but less than 70,0.7676767676767677,PAP smear,45-49 years,0.17106038547312788,0.36157598235604926,0.3750122458653807,0.16740657360740455,0.40091807339148977,0.3011032122656767
Timor-Leste,0.0,0.0,Less than 10,0.0,Visual inspection,30-34 years,0.03213355753391626,0.05825357088163187,0.04248884079060797,0.03192714069105205,0.04509248740168287,0.035736099915664614
Timor-Leste,0.0,0.0,Less than 10,0.0,Visual inspection,35-39 years,0.0616601640843086,0.11423131111083647,0.08451531112491896,0.06121283719686313,0.08558561332820182,0.07112652418161931
Timor-Leste,0.0,0.0,Less than 10,0.0,Visual inspection,40-44 years,0.119167962047308,0.18750303592413653,0.1506197538392947,0.11852179167857169,0.1411088546995345,0.1322728537041088
Timor-Leste,0.0,0.0,Less than 10,0.0,Visual inspection,45-49 years,0.17714668914398696,0.20899851781179907,0.20085659251531598,0.17658174642960847,0.1691479062807939,0.18655901006228415
Tonga,0.0,0.0,Less than 10,0.050505050505050504,PAP smear,30-34 years,0.09797818334507802,0.31645921519137,0.25949967410961156,0.09511793629588695,0.2956703549561297,0.20574224165036423
Tonga,0.0,0.0,Less than 10,0.050505050505050504,PAP smear,35-39 years,0.1874963049424869,0.4926456722323671,0.40539155457413817,0.18358847010059395,0.44559616201160895,0.326641898739665
Tonga,0.0,0.0,Less than 10,0.050505050505050504,PAP smear,40-44 years,0.3501591555802541,0.6918148430568413,0.6241003730509411,0.3451441608719584,0.6576838396173333,0.5294533653375896
Tonga,0.0,0.0,Less than 10,0.050505050505050504,PAP smear,45-49 years,0.364994327832236,0.5182388245334085,0.5578698895093114,0.36135779980597044,0.5421909285873143,0.5007885295350241
Trinidad and Tobago,0.14285714285714285,0.4444444444444445,10 to 50,0.6565656565656567,PAP smear,30-34 years,0.08662327585138709,0.28456594279468683,0.2557535820874406,0.08364252634686024,0.29987393149411834,0.1984078299934104
Trinidad and Tobago,0.14285714285714285,0.4444444444444445,10 to 50,0.6565656565656567,PAP smear,35-39 years,0.21541769076448777,0.5238857441254317,0.5411380031584236,0.20963388638438385,0.6274113639751872,0.43307386462664466
Trinidad and Tobago,0.14285714285714285,0.4444444444444445,10 to 50,0.6565656565656567,PAP smear,40-44 years,0.26862816507980203,0.4867359534243163,0.5435255510809714,0.2636694301142377,0.5947311888305051,0.4491218435110975
Trinidad and Tobago,0.14285714285714285,0.4444444444444445,10 to 50,0.6565656565656567,PAP smear,45-49 years,0.27058410098949265,0.38613951212435144,0.4599118521138284,0.2670926347642474,0.4713597875010621,0.4013383663051169
Tunisia,0.14285714285714285,0.4444444444444445,10 to 50,0.15151515151515152,PAP smear,30-34 years,0.011713205738427442,0.06744066220691942,0.02985270162055983,0.011391356032448924,0.03458838035683258,0.02316147770335942
Tunisia,0.14285714285714285,0.4444444444444445,10 to 50,0.15151515151515152,PAP smear,35-39 years,0.025061973890115437,0.12361077218824003,0.06419813750062266,0.02436776623049122,0.07062376647680413,0.04910525545876905
Tunisia,0.14285714285714285,0.4444444444444445,10 to 50,0.15151515151515152,PAP smear,40-44 years,0.041615279610525184,0.15657217304185456,0.07950874404694101,0.04092765071492021,0.08289445235489608,0.06335625568293124
Tunisia,0.14285714285714285,0.4444444444444445,10 to 50,0.15151515151515152,PAP smear,45-49 years,0.0511153854137627,0.1435283755400289,0.07393091772850091,0.050678137965895625,0.0689870517406412,0.06382183817555902
Turkmenistan,0.7142857142857143,0.6666666666666666,more than 50 but less than 70,0.6161616161616162,Visual inspection,30-34 years,0.05782209959950937,0.12933756613791325,0.14822985645535186,0.056218487986423496,0.16790599762296485,0.11690639734957134
Turkmenistan,0.7142857142857143,0.6666666666666666,more than 50 but less than 70,0.6161616161616162,Visual inspection,35-39 years,0.08803538305594696,0.1929281024549535,0.19822525829036344,0.08606523158804998,0.2111501655544517,0.15667768811124122
Turkmenistan,0.7142857142857143,0.6666666666666666,more than 50 but less than 70,0.6161616161616162,Visual inspection,40-44 years,0.15976888743640405,0.28915173506986785,0.2934446595374041,0.15733160158924267,0.2977830036787115,0.24560404878828082
Turkmenistan,0.7142857142857143,0.6666666666666666,more than 50 but less than 70,0.6161616161616162,Visual inspection,45-49 years,0.2107563306061556,0.2915375908448791,0.2987729988418859,0.20905744607662896,0.29200574193014106,0.28309384691767026
Tuvalu,0.14285714285714285,0.4444444444444445,10 to 50,0.27272727272727276,PAP smear,30-34 years,0.10828104658599362,0.19150538311267612,0.23444081810946057,0.10601868627659089,0.25753737693322815,0.18648145005326497
Tuvalu,0.14285714285714285,0.4444444444444445,10 to 50,0.27272727272727276,PAP smear,35-39 years,0.21283131402464722,0.32288816761166395,0.3820772107928572,0.2097360813906434,0.406389741700789,0.31374807885984934
Tuvalu,0.14285714285714285,0.4444444444444445,10 to 50,0.27272727272727276,PAP smear,40-44 years,0.37944790851038757,0.43271665014573346,0.5624330442066993,0.37596829028714923,0.5675605924535764,0.49340495226318426
Tuvalu,0.14285714285714285,0.4444444444444445,10 to 50,0.27272727272727276,PAP smear,45-49 years,0.39758262478465606,0.31749678342034343,0.5034802897614726,0.39541023682785603,0.46889244254269635,0.4773211702043394
Ukraine,0.0,0.0,Less than 10,0.6161616161616162,PAP smear,30-34 years,0.02119565209072823,0.04191564685039688,0.04105599132178661,0.020835807477920736,0.0448891830601756,0.032275335071883654
Ukraine,0.0,0.0,Less than 10,0.6161616161616162,PAP smear,35-39 years,0.03933958238641707,0.0663796384466626,0.07657743064001116,0.03866523724762917,0.08038137426332409,0.05991638108027185
Ukraine,0.0,0.0,Less than 10,0.6161616161616162,PAP smear,40-44 years,0.058090852568301855,0.08274970614412226,0.09992818213595196,0.0573208316554288,0.10048601016298639,0.08133093432748299
Ukraine,0.0,0.0,Less than 10,0.6161616161616162,PAP smear,45-49 years,0.07320111390987816,0.08539473800095441,0.11953354097645395,0.07234045473213369,0.11431053112006542,0.09894398374159391
United Arab Emirates,0.0,0.0,Less than 10,0.37373737373737376,PAP smear,30-34 years,0.013958961864850263,0.09560470242445075,0.0281334214332145,0.013703179899914018,0.031630475469230535,0.022608821719125115
United Arab Emirates,0.0,0.0,Less than 10,0.37373737373737376,PAP smear,35-39 years,0.01678499999135618,0.16761576173870718,0.031277085379210826,0.01652124614109566,0.032214293491347065,0.02512782645393192
United Arab Emirates,0.0,0.0,Less than 10,0.37373737373737376,PAP smear,40-44 years,0.045246637126820234,0.21720449684312393,0.07266065583533543,0.04473567666285916,0.07071010147375621,0.05995326951881601
United Arab Emirates,0.0,0.0,Less than 10,0.37373737373737376,PAP smear,45-49 years,0.05162712055112252,0.18814986173220977,0.06197585695871623,0.05140344001925228,0.0521482217532591,0.056876728011893155
Uruguay,1.0,1.0,70 or more,0.9292929292929294,PAP smear,30-34 years,0.09289237416787843,0.5295521357625397,0.3361158054982968,0.08863404670925279,0.396982168315274,0.2546998713816119
Uruguay,1.0,1.0,70 or more,0.9292929292929294,PAP smear,35-39 years,0.1622066328113665,0.7068121446406409,0.484789334729299,0.1565241242201305,0.5618484878124878,0.37521839009678826
Uruguay,1.0,1.0,70 or more,0.9292929292929294,PAP smear,40-44 years,0.18746455152928385,0.5951468550320884,0.44584895743291286,0.1828616495274351,0.493343985095154,0.35319912833880884
Uruguay,1.0,1.0,70 or more,0.9292929292929294,PAP smear,45-49 years,0.18574066057956223,0.4542788626296216,0.3508675020243846,0.18274028955241003,0.36648648724494975,0.2949109254161133
Vanuatu,0.14285714285714285,0.4444444444444445,10 to 50,0.11111111111111112,PAP smear,30-34 years,0.09193107861081327,0.17879669961210315,0.15883687968512258,0.09070053168614928,0.17063664390077646,0.13260113450289202
Vanuatu,0.14285714285714285,0.4444444444444445,10 to 50,0.11111111111111112,PAP smear,35-39 years,0.1830774911437637,0.3017800032171159,0.2686258177093725,0.18144565397565446,0.275492668929783,0.23192768562104063
Vanuatu,0.14285714285714285,0.4444444444444445,10 to 50,0.11111111111111112,PAP smear,40-44 years,0.32948504542264034,0.4093318617590305,0.39825558527619515,0.3280107359409208,0.38590240157282085,0.37813084208342274
Vanuatu,0.14285714285714285,0.4444444444444445,10 to 50,0.11111111111111112,PAP smear,45-49 years,0.3409851883176621,0.2938101356958026,0.3693947286514115,0.34019352323181923,0.3111714147952704,0.3635508191743262
